100,Blinni,Kauppi,Blinni.Kauppi@yopmail.com,firefighter
101,Morganica,Laverne,Morganica.Laverne@yopmail.com,firefighter
102,Robbi,Klemperer,Robbi.Klemperer@yopmail.com,developer
103,Katuscha,Dituri,Katuscha.Dituri@yopmail.com,firefighter
104,Sharlene,Hashim,Sharlene.Hashim@yopmail.com,developer
105,Ursulina,Narton,Ursulina.Narton@yopmail.com,firefighter
106,Rani,Jehu,Rani.Jehu@yopmail.com,doctor
107,Laure,Marcellus,Laure.Marcellus@yopmail.com,firefighter
108,Theodora,Tayib,Theodora.Tayib@yopmail.com,doctor
109,Dale,Rocray,Dale.Rocray@yopmail.com,worker
110,Belva,Rona,Belva.Rona@yopmail.com,doctor
111,Georgetta,Christine,Georgetta.Christine@yopmail.com,police officer
112,Tori,Keelia,Tori.Keelia@yopmail.com,police officer
113,Dulcinea,Lowry,Dulcinea.Lowry@yopmail.com,firefighter
114,Inga,Goerke,Inga.Goerke@yopmail.com,firefighter
115,Dyann,Bluh,Dyann.Bluh@yopmail.com,doctor
116,Merci,Levey,Merci.Levey@yopmail.com,doctor
117,Zsa Zsa,Granoff,Zsa Zsa.Granoff@yopmail.com,worker
118,Wileen,Juan,Wileen.Juan@yopmail.com,worker
119,Kittie,Erb,Kittie.Erb@yopmail.com,police officer
120,Candy,Lea,Candy.Lea@yopmail.com,worker
121,Shannah,Valoniah,Shannah.Valoniah@yopmail.com,police officer
122,Brooks,Bethany,Brooks.Bethany@yopmail.com,developer
123,Beverley,Engdahl,Beverley.Engdahl@yopmail.com,police officer
124,Myrtice,Grobe,Myrtice.Grobe@yopmail.com,police officer
125,Lily,Girardo,Lily.Girardo@yopmail.com,doctor
126,Rochette,Couture,Rochette.Couture@yopmail.com,doctor
127,Luci,Mallon,Luci.Mallon@yopmail.com,doctor
128,Moyna,Harl,Moyna.Harl@yopmail.com,developer
129,Mireielle,Pierette,Mireielle.Pierette@yopmail.com,developer
130,Jobi,Elephus,Jobi.Elephus@yopmail.com,doctor
131,Tori,Peonir,Tori.Peonir@yopmail.com,worker
132,Maye,Imelida,Maye.Imelida@yopmail.com,firefighter
133,Jessy,Wenda,Jessy.Wenda@yopmail.com,worker
134,Lynde,Edee,Lynde.Edee@yopmail.com,doctor
135,Helsa,Taam,Helsa.Taam@yopmail.com,police officer
136,Jessy,Levey,Jessy.Levey@yopmail.com,developer
137,Cherrita,Estella,Cherrita.Estella@yopmail.com,worker
138,Marline,Laverne,Marline.Laverne@yopmail.com,worker
139,Tamqrah,Lutero,Tamqrah.Lutero@yopmail.com,doctor
140,Caryl,Celestine,Caryl.Celestine@yopmail.com,doctor
141,Nickie,Ariella,Nickie.Ariella@yopmail.com,firefighter
142,Madelle,Alexandr,Madelle.Alexandr@yopmail.com,worker
143,Trudie,Darrell,Trudie.Darrell@yopmail.com,doctor
144,Paulita,Harriman,Paulita.Harriman@yopmail.com,developer
145,Glynnis,Stover,Glynnis.Stover@yopmail.com,police officer
146,Codie,Loring,Codie.Loring@yopmail.com,developer
147,Kimberley,Harned,Kimberley.Harned@yopmail.com,developer
148,Nariko,Arne,Nariko.Arne@yopmail.com,developer
149,Britni,Killigrew,Britni.Killigrew@yopmail.com,doctor
150,Odessa,Gusella,Odessa.Gusella@yopmail.com,doctor
151,Lenna,Podvin,Lenna.Podvin@yopmail.com,police officer
152,Nannie,Lamoree,Nannie.Lamoree@yopmail.com,doctor
153,Tersina,Carlson,Tersina.Carlson@yopmail.com,worker
154,Hermione,Colyer,Hermione.Colyer@yopmail.com,firefighter
155,Orsola,Hoenack,Orsola.Hoenack@yopmail.com,developer
156,Magdalena,Sammons,Magdalena.Sammons@yopmail.com,doctor
157,Rubie,Deny,Rubie.Deny@yopmail.com,firefighter
158,Leontine,Llovera,Leontine.Llovera@yopmail.com,developer
159,Tracey,Salvidor,Tracey.Salvidor@yopmail.com,police officer
160,Vevay,Beebe,Vevay.Beebe@yopmail.com,worker
161,Daune,Nahum,Daune.Nahum@yopmail.com,worker
162,Selma,Kiyoshi,Selma.Kiyoshi@yopmail.com,firefighter
163,Tierney,Wadell,Tierney.Wadell@yopmail.com,firefighter
164,Maud,Thar,Maud.Thar@yopmail.com,police officer
165,Bettine,Couture,Bettine.Couture@yopmail.com,doctor
166,Nelle,Monaco,Nelle.Monaco@yopmail.com,doctor
167,Marcelline,Palocz,Marcelline.Palocz@yopmail.com,police officer
168,Ivett,Mauer,Ivett.Mauer@yopmail.com,developer
169,Lindie,Goode,Lindie.Goode@yopmail.com,firefighter
170,Corina,Bennie,Corina.Bennie@yopmail.com,doctor
171,Hettie,Allare,Hettie.Allare@yopmail.com,worker
172,Ilse,Rhu,Ilse.Rhu@yopmail.com,doctor
173,Brana,Zenas,Brana.Zenas@yopmail.com,firefighter
174,Harrietta,Kesley,Harrietta.Kesley@yopmail.com,worker
175,Elbertina,Howlyn,Elbertina.Howlyn@yopmail.com,doctor
176,Vivia,Bergman,Vivia.Bergman@yopmail.com,worker
177,Rhea,Nester,Rhea.Nester@yopmail.com,firefighter
178,Gerianna,Pond,Gerianna.Pond@yopmail.com,firefighter
179,Chickie,Afton,Chickie.Afton@yopmail.com,police officer
180,Madelle,Liebermann,Madelle.Liebermann@yopmail.com,firefighter
181,Dorthy,An,Dorthy.An@yopmail.com,doctor
182,Patricia,Taima,Patricia.Taima@yopmail.com,doctor
183,Tatiania,Sinegold,Tatiania.Sinegold@yopmail.com,firefighter
184,Roxane,Kiersten,Roxane.Kiersten@yopmail.com,firefighter
185,Molli,Melony,Molli.Melony@yopmail.com,police officer
186,Clary,Goode,Clary.Goode@yopmail.com,police officer
187,Bertine,Rossner,Bertine.Rossner@yopmail.com,worker
188,Letizia,Adrienne,Letizia.Adrienne@yopmail.com,doctor
189,Max,Phyllis,Max.Phyllis@yopmail.com,police officer
190,Steffane,Macey,Steffane.Macey@yopmail.com,worker
191,Olwen,Grosz,Olwen.Grosz@yopmail.com,worker
192,Estell,Nikaniki,Estell.Nikaniki@yopmail.com,police officer
193,Tressa,Billye,Tressa.Billye@yopmail.com,developer
194,Cindelyn,Celestine,Cindelyn.Celestine@yopmail.com,doctor
195,Leona,Chinua,Leona.Chinua@yopmail.com,worker
196,Tressa,Toni,Tressa.Toni@yopmail.com,doctor
197,Edith,Magnolia,Edith.Magnolia@yopmail.com,firefighter
198,Merrie,Percy,Merrie.Percy@yopmail.com,developer
199,Stephanie,Nedrud,Stephanie.Nedrud@yopmail.com,developer
200,Janis,Claudine,Janis.Claudine@yopmail.com,developer
201,Ardeen,Cyrie,Ardeen.Cyrie@yopmail.com,developer
202,Ariela,Mathilde,Ariela.Mathilde@yopmail.com,police officer
203,Linzy,Tillford,Linzy.Tillford@yopmail.com,police officer
204,Hayley,Obed,Hayley.Obed@yopmail.com,police officer
205,Elise,Janene,Elise.Janene@yopmail.com,worker
206,Kaja,Couture,Kaja.Couture@yopmail.com,firefighter
207,Brianna,Rillings,Brianna.Rillings@yopmail.com,police officer
208,Lindie,Thad,Lindie.Thad@yopmail.com,police officer
209,Eugine,Allina,Eugine.Allina@yopmail.com,doctor
210,Carmencita,Afton,Carmencita.Afton@yopmail.com,worker
211,Janenna,Cynar,Janenna.Cynar@yopmail.com,developer
212,Oona,Florina,Oona.Florina@yopmail.com,doctor
213,Doro,Seligman,Doro.Seligman@yopmail.com,firefighter
214,Orsola,Gemini,Orsola.Gemini@yopmail.com,firefighter
215,Meriel,Socha,Meriel.Socha@yopmail.com,doctor
216,Annaliese,Hashim,Annaliese.Hashim@yopmail.com,worker
217,Dawn,Isidore,Dawn.Isidore@yopmail.com,worker
218,Marti,Valerio,Marti.Valerio@yopmail.com,firefighter
219,Perry,Stoller,Perry.Stoller@yopmail.com,worker
220,Iseabal,Halla,Iseabal.Halla@yopmail.com,developer
221,Petronia,Eno,Petronia.Eno@yopmail.com,worker
222,Blake,Teryn,Blake.Teryn@yopmail.com,worker
223,Jere,Terencio,Jere.Terencio@yopmail.com,police officer
224,Marline,Evvie,Marline.Evvie@yopmail.com,doctor
225,Dorice,Winthorpe,Dorice.Winthorpe@yopmail.com,developer
226,Bobinette,Stanwood,Bobinette.Stanwood@yopmail.com,police officer
227,Zia,Keelia,Zia.Keelia@yopmail.com,worker
228,Fanny,Woodberry,Fanny.Woodberry@yopmail.com,doctor
229,Bobbi,Tristram,Bobbi.Tristram@yopmail.com,developer
230,Augustine,Jefferey,Augustine.Jefferey@yopmail.com,police officer
231,Lorie,Helve,Lorie.Helve@yopmail.com,worker
232,Bettine,Karna,Bettine.Karna@yopmail.com,police officer
233,Kirbee,Delp,Kirbee.Delp@yopmail.com,developer
234,Aili,Gordon,Aili.Gordon@yopmail.com,worker
235,Myrtice,Remmer,Myrtice.Remmer@yopmail.com,worker
236,Aili,Allare,Aili.Allare@yopmail.com,worker
237,Melanie,Brunell,Melanie.Brunell@yopmail.com,doctor
238,Katharina,Nance,Katharina.Nance@yopmail.com,police officer
239,Iseabal,Alice,Iseabal.Alice@yopmail.com,police officer
240,Kylynn,Maxi,Kylynn.Maxi@yopmail.com,developer
241,Eolanda,Judye,Eolanda.Judye@yopmail.com,firefighter
242,Gaylene,Alabaster,Gaylene.Alabaster@yopmail.com,doctor
243,Delilah,Barney,Delilah.Barney@yopmail.com,doctor
244,Delilah,Florina,Delilah.Florina@yopmail.com,worker
245,Carree,Alfons,Carree.Alfons@yopmail.com,police officer
246,Molli,Brotherson,Molli.Brotherson@yopmail.com,developer
247,Joelly,Narton,Joelly.Narton@yopmail.com,firefighter
248,Lynde,Astra,Lynde.Astra@yopmail.com,worker
249,Edee,Penelopa,Edee.Penelopa@yopmail.com,developer
250,Elise,Philoo,Elise.Philoo@yopmail.com,developer
251,Yvonne,Wildermuth,Yvonne.Wildermuth@yopmail.com,police officer
252,Lolita,Ader,Lolita.Ader@yopmail.com,police officer
253,Moyna,Ethban,Moyna.Ethban@yopmail.com,police officer
254,Nollie,Gerge,Nollie.Gerge@yopmail.com,police officer
255,Paola,Love,Paola.Love@yopmail.com,police officer
256,Shauna,Rogerio,Shauna.Rogerio@yopmail.com,firefighter
257,Rhea,Pearse,Rhea.Pearse@yopmail.com,police officer
258,Annora,Heidt,Annora.Heidt@yopmail.com,worker
259,Carol-Jean,Khorma,Carol-Jean.Khorma@yopmail.com,police officer
260,Miquela,Shelba,Miquela.Shelba@yopmail.com,worker
261,Bettine,Shuler,Bettine.Shuler@yopmail.com,police officer
262,Trudie,Graig,Trudie.Graig@yopmail.com,developer
263,Jacquetta,Chabot,Jacquetta.Chabot@yopmail.com,developer
264,Flory,Matthew,Flory.Matthew@yopmail.com,firefighter
265,Natka,Hewitt,Natka.Hewitt@yopmail.com,worker
266,Sherrie,Rad,Sherrie.Rad@yopmail.com,doctor
267,Zaria,Egbert,Zaria.Egbert@yopmail.com,doctor
268,Candy,Orlene,Candy.Orlene@yopmail.com,developer
269,Livvyy,Eugenia,Livvyy.Eugenia@yopmail.com,developer
270,Vonny,Sidonius,Vonny.Sidonius@yopmail.com,doctor
271,Sindee,Brodench,Sindee.Brodench@yopmail.com,firefighter
272,Halette,Kannry,Halette.Kannry@yopmail.com,police officer
273,Moyna,August,Moyna.August@yopmail.com,worker
274,Xylina,Lesley,Xylina.Lesley@yopmail.com,worker
275,Deane,Kiersten,Deane.Kiersten@yopmail.com,worker
276,Minda,Edmund,Minda.Edmund@yopmail.com,firefighter
277,Ursulina,Cyrie,Ursulina.Cyrie@yopmail.com,developer
278,Stephanie,Cassius,Stephanie.Cassius@yopmail.com,police officer
279,Gretal,Schwejda,Gretal.Schwejda@yopmail.com,worker
280,Ermengarde,Gaynor,Ermengarde.Gaynor@yopmail.com,worker
281,Mariele,Boycey,Mariele.Boycey@yopmail.com,doctor
282,Anica,Bryna,Anica.Bryna@yopmail.com,firefighter
283,Charmaine,Thar,Charmaine.Thar@yopmail.com,developer
284,Natka,Calhoun,Natka.Calhoun@yopmail.com,worker
285,Annice,Honoria,Annice.Honoria@yopmail.com,worker
286,Susan,Naor,Susan.Naor@yopmail.com,firefighter
287,Felice,Philoo,Felice.Philoo@yopmail.com,doctor
288,Clary,Linskey,Clary.Linskey@yopmail.com,doctor
289,Philis,Juliet,Philis.Juliet@yopmail.com,developer
290,Laurene,Nerita,Laurene.Nerita@yopmail.com,worker
291,Renie,Candy,Renie.Candy@yopmail.com,doctor
292,Kate,Marcellus,Kate.Marcellus@yopmail.com,doctor
293,Rori,Breed,Rori.Breed@yopmail.com,police officer
294,Marti,Rudolph,Marti.Rudolph@yopmail.com,developer
295,Frances,Giule,Frances.Giule@yopmail.com,police officer
296,Rozele,Fiester,Rozele.Fiester@yopmail.com,firefighter
297,Alia,Maisey,Alia.Maisey@yopmail.com,worker
298,Phedra,Roumell,Phedra.Roumell@yopmail.com,developer
299,Antonietta,Dominy,Antonietta.Dominy@yopmail.com,doctor
300,Shauna,Desai,Shauna.Desai@yopmail.com,developer
301,Joelly,Nedrud,Joelly.Nedrud@yopmail.com,worker
302,Olivette,Chem,Olivette.Chem@yopmail.com,worker
303,Ayn,Sacken,Ayn.Sacken@yopmail.com,worker
304,Deirdre,Woodberry,Deirdre.Woodberry@yopmail.com,police officer
305,Mady,Kolnick,Mady.Kolnick@yopmail.com,doctor
306,Margette,Schlosser,Margette.Schlosser@yopmail.com,worker
307,Nerta,Leffen,Nerta.Leffen@yopmail.com,worker
308,Jorry,Codding,Jorry.Codding@yopmail.com,developer
309,Yetty,Baylor,Yetty.Baylor@yopmail.com,developer
310,Britte,Brodench,Britte.Brodench@yopmail.com,worker
311,Nelle,Terencio,Nelle.Terencio@yopmail.com,developer
312,Marita,Stuart,Marita.Stuart@yopmail.com,firefighter
313,Stephanie,Tufts,Stephanie.Tufts@yopmail.com,doctor
314,Tybie,Drisko,Tybie.Drisko@yopmail.com,doctor
315,Audrie,Rubie,Audrie.Rubie@yopmail.com,firefighter
316,Celisse,Chobot,Celisse.Chobot@yopmail.com,worker
317,Fina,Ackerley,Fina.Ackerley@yopmail.com,developer
318,Shandie,Casimir,Shandie.Casimir@yopmail.com,worker
319,Vivia,Masao,Vivia.Masao@yopmail.com,worker
320,Jere,Wilona,Jere.Wilona@yopmail.com,doctor
321,Janeczka,Zina,Janeczka.Zina@yopmail.com,firefighter
322,Meg,Dosia,Meg.Dosia@yopmail.com,developer
323,Lanna,Ramona,Lanna.Ramona@yopmail.com,police officer
324,Madeleine,Faro,Madeleine.Faro@yopmail.com,developer
325,Valli,Tippets,Valli.Tippets@yopmail.com,doctor
326,Rozele,Margret,Rozele.Margret@yopmail.com,doctor
327,Gerianna,Myrilla,Gerianna.Myrilla@yopmail.com,police officer
328,Mariann,Etom,Mariann.Etom@yopmail.com,police officer
329,Janeczka,Colp,Janeczka.Colp@yopmail.com,firefighter
330,Michaelina,Kenwood,Michaelina.Kenwood@yopmail.com,worker
331,Ardys,Richers,Ardys.Richers@yopmail.com,worker
332,Meriel,Fabiola,Meriel.Fabiola@yopmail.com,doctor
333,Lanna,Toni,Lanna.Toni@yopmail.com,firefighter
334,Britte,Orpah,Britte.Orpah@yopmail.com,doctor
335,Grier,Kiersten,Grier.Kiersten@yopmail.com,developer
336,Sashenka,Chobot,Sashenka.Chobot@yopmail.com,worker
337,Binny,Old,Binny.Old@yopmail.com,doctor
338,Eolanda,Wattenberg,Eolanda.Wattenberg@yopmail.com,police officer
339,Kenna,Lenny,Kenna.Lenny@yopmail.com,developer
340,Cristabel,Beniamino,Cristabel.Beniamino@yopmail.com,doctor
341,Drucie,Macey,Drucie.Macey@yopmail.com,doctor
342,Ofilia,Amasa,Ofilia.Amasa@yopmail.com,doctor
343,Mellicent,Shaddock,Mellicent.Shaddock@yopmail.com,firefighter
344,Charissa,Byrne,Charissa.Byrne@yopmail.com,developer
345,Britte,Rugen,Britte.Rugen@yopmail.com,firefighter
346,Susette,Jenness,Susette.Jenness@yopmail.com,police officer
347,Jany,Hourigan,Jany.Hourigan@yopmail.com,worker
348,Angela,Buckler,Angela.Buckler@yopmail.com,police officer
349,Melodie,Vittoria,Melodie.Vittoria@yopmail.com,worker
350,Carree,Wildermuth,Carree.Wildermuth@yopmail.com,firefighter
351,Tori,Valerio,Tori.Valerio@yopmail.com,worker
352,Minne,Wind,Minne.Wind@yopmail.com,worker
353,Phylis,Kaja,Phylis.Kaja@yopmail.com,worker
354,Nessie,Weaks,Nessie.Weaks@yopmail.com,police officer
355,Glynnis,Niccolo,Glynnis.Niccolo@yopmail.com,developer
356,Nanete,Nickola,Nanete.Nickola@yopmail.com,developer
357,Marnia,Si,Marnia.Si@yopmail.com,firefighter
358,Therine,Anastatius,Therine.Anastatius@yopmail.com,developer
359,Mellicent,Melan,Mellicent.Melan@yopmail.com,developer
360,Gloria,Friede,Gloria.Friede@yopmail.com,police officer
361,Lindie,Elo,Lindie.Elo@yopmail.com,worker
362,Karolina,Leopold,Karolina.Leopold@yopmail.com,developer
363,Glynnis,Bronk,Glynnis.Bronk@yopmail.com,worker
364,Violet,Kress,Violet.Kress@yopmail.com,police officer
365,Jorry,Etom,Jorry.Etom@yopmail.com,worker
366,Karena,Gino,Karena.Gino@yopmail.com,firefighter
367,Roslyn,Maisey,Roslyn.Maisey@yopmail.com,developer
368,Wendi,Elvyn,Wendi.Elvyn@yopmail.com,worker
369,Iseabal,Armanda,Iseabal.Armanda@yopmail.com,firefighter
370,Meriel,Jobi,Meriel.Jobi@yopmail.com,firefighter
371,Bibby,Cynar,Bibby.Cynar@yopmail.com,firefighter
372,Shaylyn,Han,Shaylyn.Han@yopmail.com,doctor
373,Chastity,Natica,Chastity.Natica@yopmail.com,developer
374,Elmira,Nikaniki,Elmira.Nikaniki@yopmail.com,police officer
375,Netty,Ailyn,Netty.Ailyn@yopmail.com,police officer
376,Clary,Bury,Clary.Bury@yopmail.com,doctor
377,Tatiania,Ovid,Tatiania.Ovid@yopmail.com,worker
378,Joceline,Croix,Joceline.Croix@yopmail.com,worker
379,Chloris,Dex,Chloris.Dex@yopmail.com,firefighter
380,Merci,Ezar,Merci.Ezar@yopmail.com,firefighter
381,Neila,Redmond,Neila.Redmond@yopmail.com,doctor
382,Helena,Ludewig,Helena.Ludewig@yopmail.com,doctor
383,Kellen,Bari,Kellen.Bari@yopmail.com,firefighter
384,Joceline,Rosalba,Joceline.Rosalba@yopmail.com,worker
385,Lelah,Buffum,Lelah.Buffum@yopmail.com,doctor
386,Inga,Korey,Inga.Korey@yopmail.com,worker
387,Carilyn,Aida,Carilyn.Aida@yopmail.com,doctor
388,Deane,Ader,Deane.Ader@yopmail.com,police officer
389,Kial,Gilmour,Kial.Gilmour@yopmail.com,worker
390,Beatriz,O'Neill,Beatriz.O'Neill@yopmail.com,doctor
391,Ofilia,Dimitris,Ofilia.Dimitris@yopmail.com,firefighter
392,Gisela,Drisko,Gisela.Drisko@yopmail.com,worker
393,Kirbee,McGrody,Kirbee.McGrody@yopmail.com,doctor
394,Talya,Jaylene,Talya.Jaylene@yopmail.com,developer
395,Barbara,Nerita,Barbara.Nerita@yopmail.com,police officer
396,Tressa,Chick,Tressa.Chick@yopmail.com,doctor
397,Oona,Byrne,Oona.Byrne@yopmail.com,firefighter
398,Dacia,Papageno,Dacia.Papageno@yopmail.com,doctor
399,Brana,Harday,Brana.Harday@yopmail.com,worker
400,Sharlene,Baptlsta,Sharlene.Baptlsta@yopmail.com,firefighter
401,Edyth,Izaak,Edyth.Izaak@yopmail.com,police officer
402,Sadie,Eugenia,Sadie.Eugenia@yopmail.com,developer
403,Ernesta,Pulsifer,Ernesta.Pulsifer@yopmail.com,firefighter
404,Darlleen,Gladstone,Darlleen.Gladstone@yopmail.com,developer
405,Penelopa,Vins,Penelopa.Vins@yopmail.com,worker
406,Tracey,McNully,Tracey.McNully@yopmail.com,worker
407,Micheline,Rossner,Micheline.Rossner@yopmail.com,developer
408,Jany,Miru,Jany.Miru@yopmail.com,police officer
409,Talya,Fadiman,Talya.Fadiman@yopmail.com,developer
410,Shell,Alarise,Shell.Alarise@yopmail.com,police officer
411,Emmey,Janith,Emmey.Janith@yopmail.com,doctor
412,Marleah,Rustice,Marleah.Rustice@yopmail.com,police officer
413,Lynde,Othilia,Lynde.Othilia@yopmail.com,developer
414,Linzy,Erb,Linzy.Erb@yopmail.com,doctor
415,Lucy,Sherfield,Lucy.Sherfield@yopmail.com,doctor
416,Lindie,Campball,Lindie.Campball@yopmail.com,developer
417,Annecorinne,Vale,Annecorinne.Vale@yopmail.com,police officer
418,Kirstin,Chaing,Kirstin.Chaing@yopmail.com,developer
419,Concettina,Hull,Concettina.Hull@yopmail.com,police officer
420,Robbi,Cleo,Robbi.Cleo@yopmail.com,doctor
421,Gavrielle,Corabella,Gavrielle.Corabella@yopmail.com,worker
422,Tatiania,Narton,Tatiania.Narton@yopmail.com,worker
423,Robbi,Gino,Robbi.Gino@yopmail.com,police officer
424,Mildrid,Modie,Mildrid.Modie@yopmail.com,police officer
425,Roslyn,Leary,Roslyn.Leary@yopmail.com,developer
426,Kelly,Drus,Kelly.Drus@yopmail.com,developer
427,Chickie,Rolf,Chickie.Rolf@yopmail.com,firefighter
428,Lila,Plato,Lila.Plato@yopmail.com,doctor
429,Elvira,Lipson,Elvira.Lipson@yopmail.com,firefighter
430,Cacilie,Ade,Cacilie.Ade@yopmail.com,worker
431,Atlanta,Waldron,Atlanta.Waldron@yopmail.com,developer
432,Alejandra,Tufts,Alejandra.Tufts@yopmail.com,doctor
433,Madelle,Vins,Madelle.Vins@yopmail.com,doctor
434,Mignon,Candy,Mignon.Candy@yopmail.com,developer
435,Arabel,Agle,Arabel.Agle@yopmail.com,firefighter
436,Asia,Meli,Asia.Meli@yopmail.com,developer
437,Jacenta,Aaberg,Jacenta.Aaberg@yopmail.com,police officer
438,Tina,Wooster,Tina.Wooster@yopmail.com,worker
439,Janeczka,Rubie,Janeczka.Rubie@yopmail.com,firefighter
440,Raquela,Hunfredo,Raquela.Hunfredo@yopmail.com,doctor
441,Steffane,Manolo,Steffane.Manolo@yopmail.com,police officer
442,Raina,Mehalek,Raina.Mehalek@yopmail.com,doctor
443,Teddie,Deny,Teddie.Deny@yopmail.com,worker
444,Madeleine,Georas,Madeleine.Georas@yopmail.com,worker
445,Alyda,Maryanne,Alyda.Maryanne@yopmail.com,developer
446,Cyb,Tybald,Cyb.Tybald@yopmail.com,doctor
447,Karly,Redmond,Karly.Redmond@yopmail.com,worker
448,Allyce,Jaylene,Allyce.Jaylene@yopmail.com,doctor
449,Nickie,Alrich,Nickie.Alrich@yopmail.com,police officer
450,Correy,Riordan,Correy.Riordan@yopmail.com,firefighter
451,Carly,Euridice,Carly.Euridice@yopmail.com,firefighter
452,Gaylene,Oster,Gaylene.Oster@yopmail.com,firefighter
453,Delilah,Hermes,Delilah.Hermes@yopmail.com,firefighter
454,Benita,Yorick,Benita.Yorick@yopmail.com,firefighter
455,Roberta,Liva,Roberta.Liva@yopmail.com,firefighter
456,Tami,Goode,Tami.Goode@yopmail.com,worker
457,Jaclyn,Gamaliel,Jaclyn.Gamaliel@yopmail.com,developer
458,Ellette,Whiffen,Ellette.Whiffen@yopmail.com,doctor
459,Maridel,Ralfston,Maridel.Ralfston@yopmail.com,firefighter
460,Aili,Thomasina,Aili.Thomasina@yopmail.com,worker
461,Ivett,Lea,Ivett.Lea@yopmail.com,firefighter
462,Nannie,Gombach,Nannie.Gombach@yopmail.com,firefighter
463,Tilly,Iaverne,Tilly.Iaverne@yopmail.com,worker
464,Amara,Morrill,Amara.Morrill@yopmail.com,developer
465,Dolli,Sacken,Dolli.Sacken@yopmail.com,police officer
466,Kalina,Sikorski,Kalina.Sikorski@yopmail.com,firefighter
467,Brietta,Olnee,Brietta.Olnee@yopmail.com,doctor
468,Loree,Ball,Loree.Ball@yopmail.com,firefighter
469,Leia,Killigrew,Leia.Killigrew@yopmail.com,developer
470,Valli,Markman,Valli.Markman@yopmail.com,doctor
471,Anthia,Yuille,Anthia.Yuille@yopmail.com,worker
472,Belinda,Pyle,Belinda.Pyle@yopmail.com,firefighter
473,Susan,Bevin,Susan.Bevin@yopmail.com,worker
474,Jinny,Deegan,Jinny.Deegan@yopmail.com,worker
475,Kate,Kussell,Kate.Kussell@yopmail.com,doctor
476,Merle,Sidonius,Merle.Sidonius@yopmail.com,developer
477,Gavrielle,Vilma,Gavrielle.Vilma@yopmail.com,worker
478,Kenna,Pattin,Kenna.Pattin@yopmail.com,developer
479,Rhea,Letsou,Rhea.Letsou@yopmail.com,police officer
480,Rhoda,Dominy,Rhoda.Dominy@yopmail.com,firefighter
481,Addia,Ader,Addia.Ader@yopmail.com,developer
482,Kathy,Haymes,Kathy.Haymes@yopmail.com,doctor
483,Regina,Gaulin,Regina.Gaulin@yopmail.com,police officer
484,Sheree,Mike,Sheree.Mike@yopmail.com,developer
485,Dode,Gherardo,Dode.Gherardo@yopmail.com,police officer
486,Suzette,Byrne,Suzette.Byrne@yopmail.com,doctor
487,Dolli,Amadas,Dolli.Amadas@yopmail.com,doctor
488,Consuela,Lea,Consuela.Lea@yopmail.com,worker
489,Averyl,Ciro,Averyl.Ciro@yopmail.com,firefighter
490,Siana,Sasnett,Siana.Sasnett@yopmail.com,police officer
491,Berget,Raseda,Berget.Raseda@yopmail.com,firefighter
492,Vevay,Killigrew,Vevay.Killigrew@yopmail.com,worker
493,Marita,Mandler,Marita.Mandler@yopmail.com,police officer
494,Pierette,Bahr,Pierette.Bahr@yopmail.com,developer
495,Lexine,Nester,Lexine.Nester@yopmail.com,doctor
496,Hope,Edison,Hope.Edison@yopmail.com,developer
497,Jinny,Bryna,Jinny.Bryna@yopmail.com,worker
498,Chastity,Desai,Chastity.Desai@yopmail.com,doctor
499,Theodora,Clie,Theodora.Clie@yopmail.com,doctor
500,Britni,Colp,Britni.Colp@yopmail.com,developer
501,Codie,Alrich,Codie.Alrich@yopmail.com,developer
502,Carmencita,Ciapas,Carmencita.Ciapas@yopmail.com,worker
503,Amalie,Munn,Amalie.Munn@yopmail.com,developer
504,Malina,Yate,Malina.Yate@yopmail.com,firefighter
505,Justinn,Bronk,Justinn.Bronk@yopmail.com,police officer
506,Nyssa,Hessler,Nyssa.Hessler@yopmail.com,firefighter
507,Tiffie,Milson,Tiffie.Milson@yopmail.com,doctor
508,Modestia,Sothena,Modestia.Sothena@yopmail.com,police officer
509,Maud,Reinke,Maud.Reinke@yopmail.com,police officer
510,Tiffie,Mike,Tiffie.Mike@yopmail.com,worker
511,Brana,Phi,Brana.Phi@yopmail.com,firefighter
512,Selma,Cordi,Selma.Cordi@yopmail.com,developer
513,Roz,Malanie,Roz.Malanie@yopmail.com,doctor
514,Betta,Huggins,Betta.Huggins@yopmail.com,doctor
515,Albertina,Susannah,Albertina.Susannah@yopmail.com,developer
516,Corly,Boycey,Corly.Boycey@yopmail.com,worker
517,Grier,Ephrem,Grier.Ephrem@yopmail.com,developer
518,Nikki,Kauppi,Nikki.Kauppi@yopmail.com,developer
519,Ricky,Noam,Ricky.Noam@yopmail.com,worker
520,Catrina,Rolf,Catrina.Rolf@yopmail.com,doctor
521,Petronia,Ramona,Petronia.Ramona@yopmail.com,developer
522,Florie,Cavan,Florie.Cavan@yopmail.com,worker
523,Bertine,Westphal,Bertine.Westphal@yopmail.com,police officer
524,Emelina,Emerson,Emelina.Emerson@yopmail.com,firefighter
525,Brynna,Linskey,Brynna.Linskey@yopmail.com,worker
526,Celisse,Knowling,Celisse.Knowling@yopmail.com,police officer
527,Nannie,Gilmour,Nannie.Gilmour@yopmail.com,worker
528,Veda,Louanna,Veda.Louanna@yopmail.com,worker
529,Raquela,Haymes,Raquela.Haymes@yopmail.com,worker
530,Gabriellia,Whittaker,Gabriellia.Whittaker@yopmail.com,firefighter
531,Emma,Niccolo,Emma.Niccolo@yopmail.com,worker
532,Emelina,Tristram,Emelina.Tristram@yopmail.com,firefighter
533,Ruthe,Corrine,Ruthe.Corrine@yopmail.com,firefighter
534,Latisha,Marden,Latisha.Marden@yopmail.com,police officer
535,Veda,Amadas,Veda.Amadas@yopmail.com,worker
536,Pollyanna,Leary,Pollyanna.Leary@yopmail.com,developer
537,Shandie,Joachim,Shandie.Joachim@yopmail.com,developer
538,Paulita,Joni,Paulita.Joni@yopmail.com,doctor
539,Bobinette,Leonard,Bobinette.Leonard@yopmail.com,developer
540,Deane,Bord,Deane.Bord@yopmail.com,developer
541,Bill,Dunkin,Bill.Dunkin@yopmail.com,developer
542,Merle,Pattin,Merle.Pattin@yopmail.com,worker
543,Madelle,Harned,Madelle.Harned@yopmail.com,police officer
544,June,Oneida,June.Oneida@yopmail.com,police officer
545,Ericka,Artie,Ericka.Artie@yopmail.com,doctor
546,Jordan,Jacobah,Jordan.Jacobah@yopmail.com,doctor
547,Pearline,Ethban,Pearline.Ethban@yopmail.com,police officer
548,Lusa,Rese,Lusa.Rese@yopmail.com,doctor
549,Angelique,Francyne,Angelique.Francyne@yopmail.com,developer
550,Dania,Wind,Dania.Wind@yopmail.com,firefighter
551,Corry,Melleta,Corry.Melleta@yopmail.com,developer
552,Dennie,Pierette,Dennie.Pierette@yopmail.com,worker
553,Tomasina,Hillel,Tomasina.Hillel@yopmail.com,police officer
554,Dulcinea,Bashemeth,Dulcinea.Bashemeth@yopmail.com,worker
555,Laure,Mata,Laure.Mata@yopmail.com,police officer
556,Norine,Roxanna,Norine.Roxanna@yopmail.com,developer
557,Queenie,Randene,Queenie.Randene@yopmail.com,doctor
558,Lexine,Brackely,Lexine.Brackely@yopmail.com,doctor
559,Ottilie,Richers,Ottilie.Richers@yopmail.com,doctor
560,Gavrielle,Tremayne,Gavrielle.Tremayne@yopmail.com,developer
561,Blinni,Amethist,Blinni.Amethist@yopmail.com,firefighter
562,Diena,Si,Diena.Si@yopmail.com,firefighter
563,Consuela,Kat,Consuela.Kat@yopmail.com,firefighter
564,Rori,Niles,Rori.Niles@yopmail.com,doctor
565,Charissa,Maurine,Charissa.Maurine@yopmail.com,police officer
566,Donnie,Lytton,Donnie.Lytton@yopmail.com,worker
567,Helsa,Katrine,Helsa.Katrine@yopmail.com,developer
568,Genevra,Wiener,Genevra.Wiener@yopmail.com,doctor
569,Alejandra,Clie,Alejandra.Clie@yopmail.com,police officer
570,Elyssa,Sherrie,Elyssa.Sherrie@yopmail.com,worker
571,Aryn,Mich,Aryn.Mich@yopmail.com,police officer
572,Kristina,Lymann,Kristina.Lymann@yopmail.com,worker
573,Darci,Guthrie,Darci.Guthrie@yopmail.com,firefighter
574,Monika,Lewes,Monika.Lewes@yopmail.com,firefighter
575,Ingrid,Katrine,Ingrid.Katrine@yopmail.com,doctor
576,Joleen,Suzetta,Joleen.Suzetta@yopmail.com,firefighter
577,Brianna,Corilla,Brianna.Corilla@yopmail.com,firefighter
578,Kore,Kiersten,Kore.Kiersten@yopmail.com,police officer
579,Catrina,Thar,Catrina.Thar@yopmail.com,firefighter
580,Berta,Brandice,Berta.Brandice@yopmail.com,worker
581,Hildegaard,Lenny,Hildegaard.Lenny@yopmail.com,worker
582,Lolita,Ciapas,Lolita.Ciapas@yopmail.com,police officer
583,Suzette,Poll,Suzette.Poll@yopmail.com,doctor
584,Leona,Lilybelle,Leona.Lilybelle@yopmail.com,doctor
585,Halette,Henrie,Halette.Henrie@yopmail.com,police officer
586,Emma,Ferino,Emma.Ferino@yopmail.com,police officer
587,Damaris,Madaih,Damaris.Madaih@yopmail.com,developer
588,Karly,Naor,Karly.Naor@yopmail.com,worker
589,Kimmy,Olnee,Kimmy.Olnee@yopmail.com,firefighter
590,Drucie,Etom,Drucie.Etom@yopmail.com,police officer
591,Aigneis,Dowski,Aigneis.Dowski@yopmail.com,worker
592,Odessa,Tatianas,Odessa.Tatianas@yopmail.com,firefighter
593,Suzette,Quinn,Suzette.Quinn@yopmail.com,worker
594,Yvonne,Middleton,Yvonne.Middleton@yopmail.com,police officer
595,Carolina,Carbo,Carolina.Carbo@yopmail.com,worker
596,Elvira,Pascia,Elvira.Pascia@yopmail.com,doctor
597,Ayn,Tengdin,Ayn.Tengdin@yopmail.com,worker
598,Iseabal,Olympium,Iseabal.Olympium@yopmail.com,firefighter
599,Vinita,Warthman,Vinita.Warthman@yopmail.com,firefighter
600,Phedra,Minetta,Phedra.Minetta@yopmail.com,developer
601,Ana,Kiersten,Ana.Kiersten@yopmail.com,firefighter
602,Fina,Durante,Fina.Durante@yopmail.com,doctor
603,Goldie,Ashok,Goldie.Ashok@yopmail.com,police officer
604,Jany,Maribeth,Jany.Maribeth@yopmail.com,developer
605,Mildrid,Schwejda,Mildrid.Schwejda@yopmail.com,firefighter
606,Sophia,Minetta,Sophia.Minetta@yopmail.com,doctor
607,Elfreda,Lenny,Elfreda.Lenny@yopmail.com,worker
608,Selma,Rogerio,Selma.Rogerio@yopmail.com,developer
609,Pearline,Garek,Pearline.Garek@yopmail.com,worker
610,Pollyanna,Kirbee,Pollyanna.Kirbee@yopmail.com,police officer
611,Lolita,Secrest,Lolita.Secrest@yopmail.com,doctor
612,Misha,Hazlett,Misha.Hazlett@yopmail.com,doctor
613,Jenda,Lia,Jenda.Lia@yopmail.com,developer
614,Darci,Lattie,Darci.Lattie@yopmail.com,worker
615,Farrah,Rolf,Farrah.Rolf@yopmail.com,worker
616,Aurore,Saree,Aurore.Saree@yopmail.com,firefighter
617,Lolita,Ummersen,Lolita.Ummersen@yopmail.com,developer
618,Roslyn,Hillel,Roslyn.Hillel@yopmail.com,doctor
619,Averyl,Mich,Averyl.Mich@yopmail.com,firefighter
620,Margette,Fulmer,Margette.Fulmer@yopmail.com,doctor
621,Anthia,Melan,Anthia.Melan@yopmail.com,police officer
622,Marsiella,Jotham,Marsiella.Jotham@yopmail.com,developer
623,Rosanne,Alisia,Rosanne.Alisia@yopmail.com,police officer
624,Beatriz,Ax,Beatriz.Ax@yopmail.com,worker
625,Ilse,Forrer,Ilse.Forrer@yopmail.com,doctor
626,Emmey,Kellby,Emmey.Kellby@yopmail.com,developer
627,Mady,Magnolia,Mady.Magnolia@yopmail.com,police officer
628,Ottilie,Pearse,Ottilie.Pearse@yopmail.com,developer
629,Melanie,Joachim,Melanie.Joachim@yopmail.com,doctor
630,Jsandye,Presber,Jsandye.Presber@yopmail.com,police officer
631,Alie,Jacqui,Alie.Jacqui@yopmail.com,worker
632,Annice,Mott,Annice.Mott@yopmail.com,firefighter
633,Alexine,Medrek,Alexine.Medrek@yopmail.com,doctor
634,Fina,Kare,Fina.Kare@yopmail.com,developer
635,Briney,Libna,Briney.Libna@yopmail.com,doctor
636,Glynnis,Vharat,Glynnis.Vharat@yopmail.com,police officer
637,Christal,Rad,Christal.Rad@yopmail.com,firefighter
638,Marylou,Desai,Marylou.Desai@yopmail.com,firefighter
639,Sherrie,Palocz,Sherrie.Palocz@yopmail.com,doctor
640,Charmaine,Woodberry,Charmaine.Woodberry@yopmail.com,doctor
641,Ricky,Phaidra,Ricky.Phaidra@yopmail.com,developer
642,Atlanta,Israeli,Atlanta.Israeli@yopmail.com,developer
643,Maisey,Hieronymus,Maisey.Hieronymus@yopmail.com,doctor
644,Xylina,Edee,Xylina.Edee@yopmail.com,doctor
645,Annaliese,Tannie,Annaliese.Tannie@yopmail.com,worker
646,Aryn,Cohdwell,Aryn.Cohdwell@yopmail.com,doctor
647,Selia,Jobi,Selia.Jobi@yopmail.com,developer
648,Alyssa,Mozelle,Alyssa.Mozelle@yopmail.com,doctor
649,Molli,Sundin,Molli.Sundin@yopmail.com,developer
650,Jan,Hillel,Jan.Hillel@yopmail.com,police officer
651,Ardys,Hurley,Ardys.Hurley@yopmail.com,developer
652,Madelle,Lucienne,Madelle.Lucienne@yopmail.com,firefighter
653,Janeczka,Ivens,Janeczka.Ivens@yopmail.com,worker
654,Hannis,Haymes,Hannis.Haymes@yopmail.com,police officer
655,Roseline,Fancie,Roseline.Fancie@yopmail.com,developer
656,Sandie,Rudolph,Sandie.Rudolph@yopmail.com,police officer
657,Sam,Gusella,Sam.Gusella@yopmail.com,firefighter
658,Cindelyn,Monaco,Cindelyn.Monaco@yopmail.com,firefighter
659,Henriette,Hutchison,Henriette.Hutchison@yopmail.com,police officer
660,Malina,Uird,Malina.Uird@yopmail.com,firefighter
661,Gwyneth,Couture,Gwyneth.Couture@yopmail.com,police officer
662,Katharina,Sheedy,Katharina.Sheedy@yopmail.com,police officer
663,Lauryn,Ledah,Lauryn.Ledah@yopmail.com,doctor
664,Veda,Agle,Veda.Agle@yopmail.com,firefighter
665,Aurore,Isacco,Aurore.Isacco@yopmail.com,doctor
666,Therine,Ariella,Therine.Ariella@yopmail.com,worker
667,Nikki,Kelula,Nikki.Kelula@yopmail.com,police officer
668,Libbie,Martguerita,Libbie.Martguerita@yopmail.com,developer
669,Elora,Esmaria,Elora.Esmaria@yopmail.com,developer
670,Elie,Casimir,Elie.Casimir@yopmail.com,worker
671,Wileen,Kathie,Wileen.Kathie@yopmail.com,worker
672,Janeczka,Lymann,Janeczka.Lymann@yopmail.com,firefighter
673,Barbara,Duwalt,Barbara.Duwalt@yopmail.com,worker
674,Gwyneth,Kermit,Gwyneth.Kermit@yopmail.com,developer
675,Tomasina,Podvin,Tomasina.Podvin@yopmail.com,firefighter
676,Annaliese,Kauppi,Annaliese.Kauppi@yopmail.com,police officer
677,Marita,Kauppi,Marita.Kauppi@yopmail.com,doctor
678,Jessy,Erb,Jessy.Erb@yopmail.com,worker
679,Viki,Jess,Viki.Jess@yopmail.com,police officer
680,Pollyanna,Esmaria,Pollyanna.Esmaria@yopmail.com,doctor
681,Adele,Holtz,Adele.Holtz@yopmail.com,firefighter
682,Marti,Hirsch,Marti.Hirsch@yopmail.com,developer
683,Isa,Narton,Isa.Narton@yopmail.com,doctor
684,Modestia,Uund,Modestia.Uund@yopmail.com,worker
685,Edyth,Michella,Edyth.Michella@yopmail.com,police officer
686,Dania,Pozzy,Dania.Pozzy@yopmail.com,developer
687,Gui,Bendick,Gui.Bendick@yopmail.com,firefighter
688,Daryl,Dermott,Daryl.Dermott@yopmail.com,police officer
689,Tarra,Lilybelle,Tarra.Lilybelle@yopmail.com,developer
690,Eugine,Alejoa,Eugine.Alejoa@yopmail.com,developer
691,Delilah,Sothena,Delilah.Sothena@yopmail.com,firefighter
692,Sindee,Carolin,Sindee.Carolin@yopmail.com,doctor
693,Adore,Eben,Adore.Eben@yopmail.com,firefighter
694,Joy,Estella,Joy.Estella@yopmail.com,developer
695,Blake,Nikaniki,Blake.Nikaniki@yopmail.com,developer
696,Susan,Stoller,Susan.Stoller@yopmail.com,worker
697,Brena,Greenwald,Brena.Greenwald@yopmail.com,police officer
698,Blondelle,Lane,Blondelle.Lane@yopmail.com,worker
699,Tierney,Septima,Tierney.Septima@yopmail.com,firefighter
700,Joelly,Delila,Joelly.Delila@yopmail.com,worker
701,Tabbatha,Chesna,Tabbatha.Chesna@yopmail.com,firefighter
702,Andree,Eugenia,Andree.Eugenia@yopmail.com,doctor
703,Cassandra,Miru,Cassandra.Miru@yopmail.com,developer
704,Zia,Telfer,Zia.Telfer@yopmail.com,firefighter
705,Ilse,Burch,Ilse.Burch@yopmail.com,worker
706,Sallie,Cordi,Sallie.Cordi@yopmail.com,developer
707,Ann-Marie,Oriana,Ann-Marie.Oriana@yopmail.com,firefighter
708,Pollyanna,Carolin,Pollyanna.Carolin@yopmail.com,doctor
709,Julieta,Nisbet,Julieta.Nisbet@yopmail.com,worker
710,Fernande,Poppy,Fernande.Poppy@yopmail.com,worker
711,Chickie,Korey,Chickie.Korey@yopmail.com,police officer
712,Jemie,Diogenes,Jemie.Diogenes@yopmail.com,firefighter
713,Lusa,Telfer,Lusa.Telfer@yopmail.com,doctor
714,Cristine,Xerxes,Cristine.Xerxes@yopmail.com,police officer
715,Mary,Pauly,Mary.Pauly@yopmail.com,firefighter
716,Misha,Rebecka,Misha.Rebecka@yopmail.com,developer
717,Rosabelle,Barrus,Rosabelle.Barrus@yopmail.com,police officer
718,Atlanta,Bebe,Atlanta.Bebe@yopmail.com,police officer
719,Lynde,Merat,Lynde.Merat@yopmail.com,worker
720,Angela,McNully,Angela.McNully@yopmail.com,police officer
721,Kara-Lynn,Pattin,Kara-Lynn.Pattin@yopmail.com,worker
722,Sabina,Swigart,Sabina.Swigart@yopmail.com,firefighter
723,Tabbatha,Melan,Tabbatha.Melan@yopmail.com,firefighter
724,Clarice,Ovid,Clarice.Ovid@yopmail.com,developer
725,Felice,Percy,Felice.Percy@yopmail.com,firefighter
726,Demetris,Shama,Demetris.Shama@yopmail.com,doctor
727,Asia,Afton,Asia.Afton@yopmail.com,worker
728,Joceline,Henrie,Joceline.Henrie@yopmail.com,worker
729,Camile,Camden,Camile.Camden@yopmail.com,police officer
730,Sherrie,Sadowski,Sherrie.Sadowski@yopmail.com,worker
731,Catharine,Cimbura,Catharine.Cimbura@yopmail.com,developer
732,Merci,Swanhildas,Merci.Swanhildas@yopmail.com,police officer
733,Loree,Grobe,Loree.Grobe@yopmail.com,doctor
734,Carmencita,Plato,Carmencita.Plato@yopmail.com,worker
735,Kristan,Fredi,Kristan.Fredi@yopmail.com,firefighter
736,Gratia,Cadmar,Gratia.Cadmar@yopmail.com,police officer
737,Odessa,Lattie,Odessa.Lattie@yopmail.com,doctor
738,Jessamyn,Gaynor,Jessamyn.Gaynor@yopmail.com,police officer
739,Ada,Ehrman,Ada.Ehrman@yopmail.com,worker
740,Sibella,Oneida,Sibella.Oneida@yopmail.com,worker
741,Talya,Kevon,Talya.Kevon@yopmail.com,doctor
742,Aili,Rosalba,Aili.Rosalba@yopmail.com,doctor
743,Nessie,Loleta,Nessie.Loleta@yopmail.com,firefighter
744,Elvira,Kalinda,Elvira.Kalinda@yopmail.com,firefighter
745,Desirae,Wildermuth,Desirae.Wildermuth@yopmail.com,worker
746,June,Whittaker,June.Whittaker@yopmail.com,firefighter
747,Kathy,Maiah,Kathy.Maiah@yopmail.com,worker
748,Marinna,Zeeba,Marinna.Zeeba@yopmail.com,worker
749,Luci,Colbert,Luci.Colbert@yopmail.com,developer
750,Susan,Kolnick,Susan.Kolnick@yopmail.com,police officer
751,Glynnis,Roche,Glynnis.Roche@yopmail.com,developer
752,Amara,Edee,Amara.Edee@yopmail.com,firefighter
753,Mariele,Concha,Mariele.Concha@yopmail.com,developer
754,Karolina,Alejoa,Karolina.Alejoa@yopmail.com,developer
755,Netty,Dielu,Netty.Dielu@yopmail.com,doctor
756,Ronna,Velick,Ronna.Velick@yopmail.com,firefighter
757,Jordan,Arley,Jordan.Arley@yopmail.com,police officer
758,Gretal,Kalinda,Gretal.Kalinda@yopmail.com,worker
759,Perry,Mata,Perry.Mata@yopmail.com,police officer
760,Amelia,Raimondo,Amelia.Raimondo@yopmail.com,worker
761,Valera,Baudin,Valera.Baudin@yopmail.com,police officer
762,Marnia,Raama,Marnia.Raama@yopmail.com,worker
763,Hyacinthe,Charmine,Hyacinthe.Charmine@yopmail.com,doctor
764,Mureil,Harday,Mureil.Harday@yopmail.com,developer
765,Ekaterina,Shaver,Ekaterina.Shaver@yopmail.com,firefighter
766,Aili,Gunn,Aili.Gunn@yopmail.com,worker
767,Perry,Afton,Perry.Afton@yopmail.com,developer
768,Sean,Cressida,Sean.Cressida@yopmail.com,police officer
769,Hannis,Raseda,Hannis.Raseda@yopmail.com,police officer
770,Beth,Therine,Beth.Therine@yopmail.com,developer
771,Ida,Yusuk,Ida.Yusuk@yopmail.com,worker
772,Sybille,Ortrude,Sybille.Ortrude@yopmail.com,police officer
773,Angela,Flita,Angela.Flita@yopmail.com,police officer
774,Candi,Percy,Candi.Percy@yopmail.com,police officer
775,Hope,Dorine,Hope.Dorine@yopmail.com,doctor
776,Mathilda,Bibi,Mathilda.Bibi@yopmail.com,doctor
777,Jerry,Chesna,Jerry.Chesna@yopmail.com,firefighter
778,Cherrita,Hurley,Cherrita.Hurley@yopmail.com,developer
779,Emilia,Meli,Emilia.Meli@yopmail.com,firefighter
780,Lorie,Rudolph,Lorie.Rudolph@yopmail.com,doctor
781,Laure,Maiah,Laure.Maiah@yopmail.com,firefighter
782,Kathi,Maxi,Kathi.Maxi@yopmail.com,doctor
783,Agnese,Telfer,Agnese.Telfer@yopmail.com,worker
784,Renae,Johnsson,Renae.Johnsson@yopmail.com,police officer
785,Vita,Rolf,Vita.Rolf@yopmail.com,firefighter
786,Sara-Ann,Cottle,Sara-Ann.Cottle@yopmail.com,police officer
787,Pearline,Idelia,Pearline.Idelia@yopmail.com,worker
788,Nonnah,Janith,Nonnah.Janith@yopmail.com,worker
789,Roseline,Phyllis,Roseline.Phyllis@yopmail.com,developer
790,Michaelina,Karna,Michaelina.Karna@yopmail.com,police officer
791,Lynea,Lowry,Lynea.Lowry@yopmail.com,developer
792,Oralee,Abbot,Oralee.Abbot@yopmail.com,police officer
793,Codie,Mandler,Codie.Mandler@yopmail.com,developer
794,Celene,Stover,Celene.Stover@yopmail.com,firefighter
795,Constance,Zuzana,Constance.Zuzana@yopmail.com,developer
796,Madeleine,Alejoa,Madeleine.Alejoa@yopmail.com,firefighter
797,Ekaterina,Calhoun,Ekaterina.Calhoun@yopmail.com,police officer
798,Pearline,Carbo,Pearline.Carbo@yopmail.com,worker
799,Jacenta,Sekofski,Jacenta.Sekofski@yopmail.com,firefighter
800,Lorie,Wattenberg,Lorie.Wattenberg@yopmail.com,firefighter
801,Marita,Lytton,Marita.Lytton@yopmail.com,worker
802,Britni,Dominy,Britni.Dominy@yopmail.com,firefighter
803,Dede,Bates,Dede.Bates@yopmail.com,developer
804,Kristan,Montgomery,Kristan.Montgomery@yopmail.com,firefighter
805,Consuela,Marcellus,Consuela.Marcellus@yopmail.com,firefighter
806,Ellette,Bow,Ellette.Bow@yopmail.com,police officer
807,Tami,Pillsbury,Tami.Pillsbury@yopmail.com,developer
808,Caritta,Marsden,Caritta.Marsden@yopmail.com,worker
809,Ivett,Silvan,Ivett.Silvan@yopmail.com,developer
810,Feliza,Stefa,Feliza.Stefa@yopmail.com,worker
811,Lusa,Dash,Lusa.Dash@yopmail.com,worker
812,Peri,Obed,Peri.Obed@yopmail.com,developer
813,Rozele,Markman,Rozele.Markman@yopmail.com,firefighter
814,Corry,Saunderson,Corry.Saunderson@yopmail.com,doctor
815,Keelia,Vharat,Keelia.Vharat@yopmail.com,police officer
816,Charissa,Ball,Charissa.Ball@yopmail.com,firefighter
817,Dotty,Linskey,Dotty.Linskey@yopmail.com,police officer
818,Myrtice,Swanhildas,Myrtice.Swanhildas@yopmail.com,firefighter
819,Heida,Joseph,Heida.Joseph@yopmail.com,worker
820,Ira,Mintz,Ira.Mintz@yopmail.com,worker
821,Elora,Mott,Elora.Mott@yopmail.com,worker
822,Cathie,Tannie,Cathie.Tannie@yopmail.com,worker
823,Ofilia,Joachim,Ofilia.Joachim@yopmail.com,worker
824,Paola,Sancho,Paola.Sancho@yopmail.com,police officer
825,Juliane,Leifeste,Juliane.Leifeste@yopmail.com,police officer
826,Kimmy,Goode,Kimmy.Goode@yopmail.com,doctor
827,Diena,Janene,Diena.Janene@yopmail.com,doctor
828,Carilyn,Lay,Carilyn.Lay@yopmail.com,worker
829,Alex,Ledah,Alex.Ledah@yopmail.com,police officer
830,Emilia,Maurine,Emilia.Maurine@yopmail.com,developer
831,Mary,Mitzi,Mary.Mitzi@yopmail.com,doctor
832,Ana,Bultman,Ana.Bultman@yopmail.com,worker
833,Paule,Prober,Paule.Prober@yopmail.com,firefighter
834,Arabel,Poll,Arabel.Poll@yopmail.com,developer
835,Sharlene,Jillane,Sharlene.Jillane@yopmail.com,police officer
836,Reeba,Blisse,Reeba.Blisse@yopmail.com,firefighter
837,Atlanta,Cohdwell,Atlanta.Cohdwell@yopmail.com,police officer
838,Maryellen,Poppy,Maryellen.Poppy@yopmail.com,doctor
839,Fayre,Japeth,Fayre.Japeth@yopmail.com,developer
840,Bee,Mathilde,Bee.Mathilde@yopmail.com,doctor
841,Brianna,Norvol,Brianna.Norvol@yopmail.com,police officer
842,Letizia,Duwalt,Letizia.Duwalt@yopmail.com,worker
843,Clo,Stilwell,Clo.Stilwell@yopmail.com,worker
844,Brena,Desai,Brena.Desai@yopmail.com,police officer
845,Lizzie,Herrera,Lizzie.Herrera@yopmail.com,doctor
846,Margarette,Grimbly,Margarette.Grimbly@yopmail.com,police officer
847,Wilma,Pillsbury,Wilma.Pillsbury@yopmail.com,developer
848,Eolanda,Francene,Eolanda.Francene@yopmail.com,doctor
849,Estell,Katrine,Estell.Katrine@yopmail.com,police officer
850,Kamilah,Dannye,Kamilah.Dannye@yopmail.com,police officer
851,Joceline,Center,Joceline.Center@yopmail.com,developer
852,Karolina,Zenas,Karolina.Zenas@yopmail.com,developer
853,Alyssa,Rozanna,Alyssa.Rozanna@yopmail.com,firefighter
854,Meghann,Juliet,Meghann.Juliet@yopmail.com,doctor
855,Amalie,Gordon,Amalie.Gordon@yopmail.com,firefighter
856,Hermione,Bollay,Hermione.Bollay@yopmail.com,firefighter
857,Barbara,Flita,Barbara.Flita@yopmail.com,developer
858,Veda,Adamsen,Veda.Adamsen@yopmail.com,firefighter
859,Marylou,Pauly,Marylou.Pauly@yopmail.com,firefighter
860,Modestia,Brotherson,Modestia.Brotherson@yopmail.com,police officer
861,Mariele,Trinetta,Mariele.Trinetta@yopmail.com,police officer
862,Devina,Constancy,Devina.Constancy@yopmail.com,developer
863,Tressa,Ferino,Tressa.Ferino@yopmail.com,firefighter
864,Corene,Deny,Corene.Deny@yopmail.com,developer
865,Sashenka,Old,Sashenka.Old@yopmail.com,worker
866,Lanna,Jacobah,Lanna.Jacobah@yopmail.com,doctor
867,Carol-Jean,Cookie,Carol-Jean.Cookie@yopmail.com,worker
868,Nananne,Henrie,Nananne.Henrie@yopmail.com,firefighter
869,Lorne,Cynar,Lorne.Cynar@yopmail.com,police officer
870,Merry,Gilmour,Merry.Gilmour@yopmail.com,worker
871,Nikki,Modie,Nikki.Modie@yopmail.com,worker
872,Adriana,Miru,Adriana.Miru@yopmail.com,doctor
873,Georgina,Adalbert,Georgina.Adalbert@yopmail.com,firefighter
874,Tilly,Gibbeon,Tilly.Gibbeon@yopmail.com,police officer
875,Elora,Malanie,Elora.Malanie@yopmail.com,doctor
876,Regina,Adamsen,Regina.Adamsen@yopmail.com,police officer
877,Kore,Berne,Kore.Berne@yopmail.com,doctor
878,Hettie,Zrike,Hettie.Zrike@yopmail.com,worker
879,Kristina,Chinua,Kristina.Chinua@yopmail.com,police officer
880,Latisha,Dahlia,Latisha.Dahlia@yopmail.com,developer
881,Emelina,Tybald,Emelina.Tybald@yopmail.com,developer
882,Teriann,Brackely,Teriann.Brackely@yopmail.com,firefighter
883,Eadie,Ardra,Eadie.Ardra@yopmail.com,developer
884,Alexine,Gaulin,Alexine.Gaulin@yopmail.com,worker
885,Kore,Martguerita,Kore.Martguerita@yopmail.com,police officer
886,Edee,Donoghue,Edee.Donoghue@yopmail.com,developer
887,Fayre,Shaver,Fayre.Shaver@yopmail.com,worker
888,Robbi,Burch,Robbi.Burch@yopmail.com,firefighter
889,Randa,Masao,Randa.Masao@yopmail.com,firefighter
890,Celene,Selway,Celene.Selway@yopmail.com,worker
891,Charissa,Viddah,Charissa.Viddah@yopmail.com,developer
892,Valli,Hirsch,Valli.Hirsch@yopmail.com,developer
893,Cordi,Morehouse,Cordi.Morehouse@yopmail.com,doctor
894,Clementine,Ciapas,Clementine.Ciapas@yopmail.com,worker
895,Shauna,Henebry,Shauna.Henebry@yopmail.com,police officer
896,Cristabel,Ephrem,Cristabel.Ephrem@yopmail.com,firefighter
897,Dede,Rooney,Dede.Rooney@yopmail.com,firefighter
898,Lorne,Chem,Lorne.Chem@yopmail.com,developer
899,Silvana,Joeann,Silvana.Joeann@yopmail.com,police officer
900,Edyth,Stacy,Edyth.Stacy@yopmail.com,doctor
901,Glynnis,Toor,Glynnis.Toor@yopmail.com,firefighter
902,Clo,Brackely,Clo.Brackely@yopmail.com,police officer
903,Hollie,Jacobah,Hollie.Jacobah@yopmail.com,developer
904,Mara,Berl,Mara.Berl@yopmail.com,worker
905,Lorie,Aprile,Lorie.Aprile@yopmail.com,worker
906,Augustine,Guthrie,Augustine.Guthrie@yopmail.com,police officer
907,Maye,Pacorro,Maye.Pacorro@yopmail.com,worker
908,Merry,Phyllis,Merry.Phyllis@yopmail.com,firefighter
909,Robbi,Truc,Robbi.Truc@yopmail.com,developer
910,Viki,Oneida,Viki.Oneida@yopmail.com,worker
911,Anallese,Euridice,Anallese.Euridice@yopmail.com,firefighter
912,Laure,Plato,Laure.Plato@yopmail.com,developer
913,Clo,Jefferey,Clo.Jefferey@yopmail.com,worker
914,Emilia,Truc,Emilia.Truc@yopmail.com,firefighter
915,Krystle,Tybald,Krystle.Tybald@yopmail.com,worker
916,Taffy,Iphlgenia,Taffy.Iphlgenia@yopmail.com,developer
917,Concettina,Llovera,Concettina.Llovera@yopmail.com,developer
918,Sadie,Rhu,Sadie.Rhu@yopmail.com,police officer
919,Beverley,Henebry,Beverley.Henebry@yopmail.com,doctor
920,Debee,Koehler,Debee.Koehler@yopmail.com,police officer
921,Brooks,Berriman,Brooks.Berriman@yopmail.com,worker
922,Vevay,Andrel,Vevay.Andrel@yopmail.com,doctor
923,Wendi,Anselmi,Wendi.Anselmi@yopmail.com,firefighter
924,Aeriela,Fillbert,Aeriela.Fillbert@yopmail.com,worker
925,Oralee,Garek,Oralee.Garek@yopmail.com,worker
926,Kassey,Urania,Kassey.Urania@yopmail.com,worker
927,Rhea,Raychel,Rhea.Raychel@yopmail.com,firefighter
928,Marika,Pitt,Marika.Pitt@yopmail.com,doctor
929,Karlee,Thornburg,Karlee.Thornburg@yopmail.com,firefighter
930,Dawn,Carlson,Dawn.Carlson@yopmail.com,worker
931,Winifred,Cath,Winifred.Cath@yopmail.com,police officer
932,Eve,Wilkinson,Eve.Wilkinson@yopmail.com,doctor
933,Linzy,Stoller,Linzy.Stoller@yopmail.com,firefighter
934,Gui,Chick,Gui.Chick@yopmail.com,developer
935,Rosabelle,Mauer,Rosabelle.Mauer@yopmail.com,worker
936,Gusty,Vivle,Gusty.Vivle@yopmail.com,doctor
937,Sam,Birdella,Sam.Birdella@yopmail.com,doctor
938,Kate,Verger,Kate.Verger@yopmail.com,police officer
939,Sidoney,Charmine,Sidoney.Charmine@yopmail.com,worker
940,Cristine,Koziara,Cristine.Koziara@yopmail.com,worker
941,Ardys,Fancie,Ardys.Fancie@yopmail.com,worker
942,Shirlee,Dahlia,Shirlee.Dahlia@yopmail.com,doctor
943,Jessy,Wilona,Jessy.Wilona@yopmail.com,doctor
944,Marleah,Prober,Marleah.Prober@yopmail.com,developer
945,Elbertina,Fosque,Elbertina.Fosque@yopmail.com,doctor
946,Jemie,Halla,Jemie.Halla@yopmail.com,worker
947,Lyssa,Kirstin,Lyssa.Kirstin@yopmail.com,worker
948,Sindee,Fiester,Sindee.Fiester@yopmail.com,doctor
949,Gilligan,Muriel,Gilligan.Muriel@yopmail.com,firefighter
950,Ericka,Yuille,Ericka.Yuille@yopmail.com,police officer
951,Ardeen,Rogerio,Ardeen.Rogerio@yopmail.com,firefighter
952,Kaja,Merriott,Kaja.Merriott@yopmail.com,firefighter
953,Consuela,Ezar,Consuela.Ezar@yopmail.com,firefighter
954,Betta,Garrison,Betta.Garrison@yopmail.com,worker
955,Ebonee,Horan,Ebonee.Horan@yopmail.com,developer
956,Allyce,Mauer,Allyce.Mauer@yopmail.com,doctor
957,Coral,Diogenes,Coral.Diogenes@yopmail.com,worker
958,Maud,Mallon,Maud.Mallon@yopmail.com,developer
959,Ericka,Eugenia,Ericka.Eugenia@yopmail.com,doctor
960,Adele,Corabella,Adele.Corabella@yopmail.com,police officer
961,Anica,Riordan,Anica.Riordan@yopmail.com,worker
962,Marline,Zuzana,Marline.Zuzana@yopmail.com,developer
963,Tera,Jeanne,Tera.Jeanne@yopmail.com,doctor
964,Dagmar,Chrystel,Dagmar.Chrystel@yopmail.com,doctor
965,Ada,Flyn,Ada.Flyn@yopmail.com,doctor
966,Yvonne,Belanger,Yvonne.Belanger@yopmail.com,worker
967,Gusella,Maples,Gusella.Maples@yopmail.com,doctor
968,Selia,Bakerman,Selia.Bakerman@yopmail.com,doctor
969,Meghann,Loeb,Meghann.Loeb@yopmail.com,firefighter
970,Felice,Allys,Felice.Allys@yopmail.com,doctor
971,Gavrielle,Nisbet,Gavrielle.Nisbet@yopmail.com,worker
972,Margalo,Wallis,Margalo.Wallis@yopmail.com,doctor
973,Katleen,Dielu,Katleen.Dielu@yopmail.com,developer
974,Lusa,Pandolfi,Lusa.Pandolfi@yopmail.com,worker
975,Regina,Agle,Regina.Agle@yopmail.com,developer
976,Rosaline,Breed,Rosaline.Breed@yopmail.com,doctor
977,Rivalee,Drisko,Rivalee.Drisko@yopmail.com,worker
978,Dulcinea,Breed,Dulcinea.Breed@yopmail.com,doctor
979,Karly,Tufts,Karly.Tufts@yopmail.com,police officer
980,Orelia,Claudine,Orelia.Claudine@yopmail.com,firefighter
981,Grier,Ardeha,Grier.Ardeha@yopmail.com,doctor
982,Misha,Girardo,Misha.Girardo@yopmail.com,police officer
983,Cherrita,Quent,Cherrita.Quent@yopmail.com,firefighter
984,Suzette,Obed,Suzette.Obed@yopmail.com,worker
985,Vivia,Stanwood,Vivia.Stanwood@yopmail.com,firefighter
986,Mallory,Danby,Mallory.Danby@yopmail.com,worker
987,Shandie,Radu,Shandie.Radu@yopmail.com,police officer
988,Marleah,Ciapas,Marleah.Ciapas@yopmail.com,worker
989,Charissa,Cath,Charissa.Cath@yopmail.com,firefighter
990,Tani,Stanwood,Tani.Stanwood@yopmail.com,police officer
991,Gusty,Lilybelle,Gusty.Lilybelle@yopmail.com,firefighter
992,Danny,Yoko,Danny.Yoko@yopmail.com,worker
993,Konstance,Kinnard,Konstance.Kinnard@yopmail.com,worker
994,Ellette,Secrest,Ellette.Secrest@yopmail.com,worker
995,Lyssa,Noelyn,Lyssa.Noelyn@yopmail.com,worker
996,Laurene,Leler,Laurene.Leler@yopmail.com,developer
997,Sheree,Center,Sheree.Center@yopmail.com,doctor
998,Millie,Khorma,Millie.Khorma@yopmail.com,developer
999,Juliane,Sallyann,Juliane.Sallyann@yopmail.com,developer
1000,Merle,Charmine,Merle.Charmine@yopmail.com,firefighter
1001,Kristan,Carey,Kristan.Carey@yopmail.com,police officer
1002,Elvira,Dielu,Elvira.Dielu@yopmail.com,police officer
1003,Dale,Georgy,Dale.Georgy@yopmail.com,developer
1004,Amara,Natalia,Amara.Natalia@yopmail.com,police officer
1005,Diena,Giff,Diena.Giff@yopmail.com,police officer
1006,Claudina,Abram,Claudina.Abram@yopmail.com,doctor
1007,Christal,Harl,Christal.Harl@yopmail.com,police officer
1008,Andree,Trace,Andree.Trace@yopmail.com,firefighter
1009,Beverley,Dash,Beverley.Dash@yopmail.com,police officer
1010,Christy,Etom,Christy.Etom@yopmail.com,police officer
1011,Lexine,Chrystel,Lexine.Chrystel@yopmail.com,police officer
1012,Ginnie,Khorma,Ginnie.Khorma@yopmail.com,police officer
1013,Gertrud,Eugenia,Gertrud.Eugenia@yopmail.com,firefighter
1014,Lily,Krystle,Lily.Krystle@yopmail.com,firefighter
1015,Adriana,Milde,Adriana.Milde@yopmail.com,worker
1016,Adriana,Amethist,Adriana.Amethist@yopmail.com,firefighter
1017,Frances,Kellby,Frances.Kellby@yopmail.com,worker
1018,Elmira,Sammons,Elmira.Sammons@yopmail.com,police officer
1019,Tarra,Solitta,Tarra.Solitta@yopmail.com,worker
1020,Chloris,Jillane,Chloris.Jillane@yopmail.com,firefighter
1021,Sibella,Belanger,Sibella.Belanger@yopmail.com,developer
1022,Nananne,Munn,Nananne.Munn@yopmail.com,police officer
1023,Harmonia,Belldas,Harmonia.Belldas@yopmail.com,police officer
1024,Judy,Korey,Judy.Korey@yopmail.com,developer
1025,Phedra,Pitt,Phedra.Pitt@yopmail.com,firefighter
1026,Raina,Verger,Raina.Verger@yopmail.com,worker
1027,Gerianna,Engdahl,Gerianna.Engdahl@yopmail.com,firefighter
1028,Deane,Radu,Deane.Radu@yopmail.com,doctor
1029,Brandise,Maisey,Brandise.Maisey@yopmail.com,worker
1030,Aili,Revkah,Aili.Revkah@yopmail.com,doctor
1031,Rozele,Sinegold,Rozele.Sinegold@yopmail.com,worker
1032,Georgetta,Dorine,Georgetta.Dorine@yopmail.com,firefighter
1033,Gwyneth,Elvyn,Gwyneth.Elvyn@yopmail.com,doctor
1034,Sharai,Kress,Sharai.Kress@yopmail.com,worker
1035,Lindie,Philoo,Lindie.Philoo@yopmail.com,worker
1036,Mignon,Janith,Mignon.Janith@yopmail.com,firefighter
1037,Ketti,Levey,Ketti.Levey@yopmail.com,police officer
1038,Ada,Anis,Ada.Anis@yopmail.com,worker
1039,Jemie,Fink,Jemie.Fink@yopmail.com,developer
1040,Karlee,Andrel,Karlee.Andrel@yopmail.com,firefighter
1041,Benita,Infield,Benita.Infield@yopmail.com,doctor
1042,Carilyn,Gunn,Carilyn.Gunn@yopmail.com,developer
1043,Alia,Darian,Alia.Darian@yopmail.com,police officer
1044,Mara,Zrike,Mara.Zrike@yopmail.com,police officer
1045,Molli,Maisey,Molli.Maisey@yopmail.com,developer
1046,Nonnah,Braun,Nonnah.Braun@yopmail.com,police officer
1047,Pamella,Clara,Pamella.Clara@yopmail.com,police officer
1048,Amalie,Zaslow,Amalie.Zaslow@yopmail.com,developer
1049,Kellen,Colyer,Kellen.Colyer@yopmail.com,worker
1050,Lorne,Saunderson,Lorne.Saunderson@yopmail.com,developer
1051,Fawne,Dielu,Fawne.Dielu@yopmail.com,worker
1052,Neila,Eugenia,Neila.Eugenia@yopmail.com,firefighter
1053,Halette,Shuler,Halette.Shuler@yopmail.com,firefighter
1054,Eadie,Alexandr,Eadie.Alexandr@yopmail.com,developer
1055,Augustine,Noman,Augustine.Noman@yopmail.com,firefighter
1056,Imojean,Madox,Imojean.Madox@yopmail.com,firefighter
1057,Tatiania,Barrus,Tatiania.Barrus@yopmail.com,police officer
1058,Drucie,Jess,Drucie.Jess@yopmail.com,developer
1059,Mireielle,Ellerey,Mireielle.Ellerey@yopmail.com,firefighter
1060,Rozele,Linskey,Rozele.Linskey@yopmail.com,police officer
1061,Lyssa,Odell,Lyssa.Odell@yopmail.com,worker
1062,Charmaine,Faso,Charmaine.Faso@yopmail.com,developer
1063,Rosabelle,Jena,Rosabelle.Jena@yopmail.com,firefighter
1064,Mellicent,Dowski,Mellicent.Dowski@yopmail.com,developer
1065,Rori,Creamer,Rori.Creamer@yopmail.com,doctor
1066,Rubie,Allare,Rubie.Allare@yopmail.com,firefighter
1067,Winny,Hull,Winny.Hull@yopmail.com,police officer
1068,Nita,Honoria,Nita.Honoria@yopmail.com,developer
1069,Mary,Cherianne,Mary.Cherianne@yopmail.com,police officer
1070,Priscilla,Schwejda,Priscilla.Schwejda@yopmail.com,firefighter
1071,Maye,Nore,Maye.Nore@yopmail.com,worker
1072,Gwyneth,Rodmann,Gwyneth.Rodmann@yopmail.com,doctor
1073,Gavrielle,Lewes,Gavrielle.Lewes@yopmail.com,firefighter
1074,Dede,Destinee,Dede.Destinee@yopmail.com,developer
1075,Alie,Kelula,Alie.Kelula@yopmail.com,police officer
1076,Heddie,Shaver,Heddie.Shaver@yopmail.com,developer
1077,Felice,Sprage,Felice.Sprage@yopmail.com,developer
1078,Frieda,Lorenz,Frieda.Lorenz@yopmail.com,developer
1079,Cacilie,Luhe,Cacilie.Luhe@yopmail.com,developer
1080,Agnese,Dichy,Agnese.Dichy@yopmail.com,police officer
1081,Belva,Newell,Belva.Newell@yopmail.com,developer
1082,Alleen,Kalinda,Alleen.Kalinda@yopmail.com,firefighter
1083,Hope,Grayce,Hope.Grayce@yopmail.com,worker
1084,Chloris,Moseley,Chloris.Moseley@yopmail.com,firefighter
1085,Shaine,Monk,Shaine.Monk@yopmail.com,doctor
1086,Kamilah,Kristi,Kamilah.Kristi@yopmail.com,doctor
1087,Sindee,Shuler,Sindee.Shuler@yopmail.com,doctor
1088,Chere,LaRue,Chere.LaRue@yopmail.com,firefighter
1089,Briney,Liva,Briney.Liva@yopmail.com,developer
1090,Nerta,Jena,Nerta.Jena@yopmail.com,doctor
1091,Netty,Durware,Netty.Durware@yopmail.com,worker
1092,Susan,Cleo,Susan.Cleo@yopmail.com,police officer
1093,Emmey,Aurelio,Emmey.Aurelio@yopmail.com,firefighter
1094,Kassey,Dannye,Kassey.Dannye@yopmail.com,firefighter
1095,Renie,Tufts,Renie.Tufts@yopmail.com,firefighter
1096,Agnese,Juliet,Agnese.Juliet@yopmail.com,worker
1097,Ardys,Cookie,Ardys.Cookie@yopmail.com,firefighter
1098,Christal,Iiette,Christal.Iiette@yopmail.com,developer
1099,Vonny,Ashok,Vonny.Ashok@yopmail.com,worker